R.FileName,maxLFQ_post_calculation_normalization_factor
20230224_Exp...S_OT2_MixA_TR1,1.0200809697192632
20230224_Exp...S_OT2_MixA_TR2,0.9951073758966034
20230224_Exp...S_OT2_MixA_TR3,1.0131774589081042
20230224_Exp...S_OT2_MixA_TR4,1.021696658158056
20230224_Exp...S_OT2_MixB_TR1,0.9990944776708908
20230224_Exp...S_OT2_MixB_TR2,0.9807545671434381
20230224_Exp...S_OT2_MixB_TR3,0.9838687514888066
20230224_Exp...S_OT2_MixB_TR4,0.9890747810285119
